{
    "learning_rate": 0.00016803479725592616,
    "batch_size": 32,
    "val_loss": 0.11332351217667262
}