{
    "learning_rate": 0.00011709124137255059,
    "batch_size": 16,
    "val_loss": 0.12603292365868887
}