{
    "learning_rate": 0.00022711317654957832,
    "batch_size": 32,
    "val_loss": 0.2458389699459076
}