{
    "learning_rate": 0.0008149907801100431,
    "batch_size": 32,
    "val_loss": 0.19305652876694998
}